index,domain
1,jtghosh.fun
2,sente-wellness.com
3,sacred-motion.com
4,123psc.com
5,ku362.direct.quickconnect.to
6,fvcbank.sucks
7,ids123.com
8,junkhouseusa.com
9,sazvezda.rs.talismani.rs
10,b3acbdd7c14a4360a6e2810b804e928e.id.ui.direct
11,jengile.com
12,stopsoros.net
13,rww.group
14,vinyl-flooringbirmingham.info
15,office.lancerdevops.me
16,beyouleadership.org
17,admin.app.wwwsfmpiwww.www.smtp2.h2775398.stratoserver.net
18,capmolyci1976.online
19,cascadevoidworks.com
20,acdtsrd.barareafastrak.org
21,lunghealthchecks.co.uk
22,hoianmemorieswonders.info
23,toddtinker.com
24,nnrr.cc
25,percaomedodedirigir.com
26,wertreasdx.workers.dev
27,createdop.com
28,kymeralabs.com
29,caresouth-hr.accessacloud.bridgeap.com
30,greardoleyva123.workers.dev
31,hubaodesign.com
32,finsec.co
33,lefone.com
34,bloomthebrand.es
35,protoscapimconsultoria.com
36,weitzmanlabs.com
37,api.shimahifuka.almased.uk
38,hotrecordsltd.com
39,dev.www.blog.w.setpparina.weblly.com
40,wellsfarbgo.com
41,sandorstrong.com
42,qikeojfzpz.workers.dev
43,casemaex.com
44,disprotec-ecuador.com
45,profit.crazedns.ru
46,test.app.holiing.com
47,thedarkroom.gallery
48,72soldprogram.com
49,test.api.eunderwriting.dom.au
50,mail.lichis.top
51,cl-ev-erbe-njam-in.workers.dev
52,dev.uat.sitemap.missingforms.com
53,dev.wasmrcusmqpvr.innovationcast.net
54,admin.kulisbet.inity.mail01.shishartech.com
55,tcheck.caterinacongi.ch
56,aglpbfwy.almased.uk
57,dqservice.de
58,slashimagineit.com
59,transprofit.com
60,staging.austintexas.shop
61,test1.hiway.fr
62,test.lfcwgixe.dom.au
63,inoesy.inoesy.ro
64,pntopt.direct.quickconnect.to
65,development.chameleonlegal.co.uk
66,pinkstonfortn.com
67,themanucan.com
68,jtghosh.fun
69,9746999707f53cd6f6028e33.keenetic.io
70,shannonsatterthwaite.exprealty.com
71,graziella.co.uk
72,staging.app.gmrrcomputer.net
73,prylos.fun
74,heritagehall.me
75,api.all.ybmzhotel.com
76,8typical.com
77,mvfh.org
78,urach-gsr.schulserver.de
79,lush-media-company-site.pages.dev
80,ahu.bradspeed.fr
81,blog.suenocon.com
82,ich.wargamings.site
83,api.dev.yhes.almased.uk
84,dev.app.hitechfa.org
85,cunningham-limp.com
86,staging.autodiscover.3partners-stat1.com
87,cleartarrant.com
88,dev.austintexas.store
89,garberfirm.com
90,princecapsbook.com
91,ndekio-steelco.co.tz
92,members.fortworthapartments.com
93,uclgbnew.fortworthapartments.com
94,pr-4-afnwgxy-cartbqclgycem.fr-4.platformsh.site
95,hsmonitor-pcp.eu
96,info.luqi.fr
97,staging.app.www.wwwwwwwww.a.m1.h2775398.stratoserver.net
98,tipobet7097.com
99,reyr.me
100,app.kangaroopakistan.org
101,dumpyourjunktx.com
102,theneurologyllc.it.com
103,gitlab-test.only-job.ru
104,test.cryptotradeix.cfd
105,eventojulia.com.br
106,secure.alec.org
107,thompsonhrformsonline.com
108,direwolf-aa5cf2b35c-6c9babbb69b6.herokuapp.com
109,marktplatz-beerfelden.de
110,rpc.e82.myftpupload.com
111,rusd.eu.org
112,rxmoji.com
113,businessenablement.sbs
114,eman.hakeeminsight.net
115,dev.app.hrecte.shop
116,shinigami1.pages.dev
117,admin.dev.n12007d15279.almased.uk
118,admin.app.holiing.com
119,ww25.startz21.xyz
120,registration.kangaroopakistan.org
121,owa.ciclismototale.it
122,tryaureskin.com
123,admin.dev.xoucmwwwairflow.dev.almased.uk
124,backup.jefferequine.com
125,shoparenaysol.com
126,bf63ca00-70a0-407c-843b-76d162ab03d5.mugshotswebsite.com
127,demo.addonis.com
128,dev.cqfhrlmy.uuuauaaayyayayayyayay.webredirect.org
129,mm-kaiyun.cc
130,ww25.nullmx.hickland.com
131,bomsucesso.org
132,app.businessaudits.com
133,staging.wwwen.klryucfp.lightspeedsystems.help
134,rahwanmamlakah.com
135,admin.www.en.321kuhaj.almased.uk
136,danielparkdds.com
137,smnarrativ.com
138,woodcrestvilla.net
139,lica-server.synology.me
140,ivory4x4hire.co.za
141,cdn-stage.aviatrading.com
142,integral.cc
143,91xse3.xyz
144,cafe.web.seminolesherrif.org
145,ou5ui.lilloufashion.pl
146,carefulretail.com
147,swedeprosafety.com
148,auto-ankauf-ennepetal.de
149,test.smtp.growwithsilk.com
150,test.austintexas.top
151,email.kjbm.lauradewey.com
152,sensiblement.com
153,infinit.net.nz
154,myfuturejobs.in
155,dgkis.com
156,nhpetcare.net
157,dev.app.hntcore.com
158,chicgeek.club
159,help.younglives.org
160,a7988ef4-4ea6-4ac0-891e-b1c93363a041.relaxaaifofa.com
161,smiledakota.com
162,steinundgarten.direct.quickconnect.to
163,royalmeatsupplies.com
164,mail.ondrejnovak.eu
165,tiktokfortherapists.com
166,houseannuities.com
167,staging.ddos.xoilacmm.com
168,alovrouter.com
169,mwww.publicdatcheck.com
170,ahliqq18.net
171,events.foxitsm.org
172,demo.beenveriffied.com
173,ww25.demo.patientacessnetwork.org
174,abcactivity.com
175,quail.itmakessense.com
176,00mohamed-benazzouz00.workers.dev
177,museuconfitura.com
178,gimbrere013.direct.quickconnect.to
179,sanvita-healthcare-pvt-ltd21341.joonweb.com
180,pay.quotidianwine.com
181,economicnews.com.br
182,stoming.net
183,wap.casinolex.site
184,bbs.ncwoodworkers.net
185,wsmid.ca
186,lmcontext.com
187,rachelcalderonnavarro.com
188,qa3-1.garnet.one
189,m666o.com
190,250b8dfd.sni.cloudflaressl.com
191,asf-auto.digital
192,eb71e24d464cd5607d8eb964.keenetic.io
193,cookhorses.com
194,demo.herpestesting.com
195,bkftrjv.mesh.mongodb.net
196,getbelean.com
197,merc-syn-2.direct.quickconnect.to
198,agent.xn--priv-epa.com
199,mailer.b-d-r.com
200,pog7q.winfordbet.com
201,tncliving.org
202,1d5205b20a5eb4f110442347.m2t6p.mongodb.net
203,mrgempreendimentos.com.br.esporteeeducacao.com.br
204,api.kubfzwov.uuuauaaayyayayayyayay.webredirect.org
205,crm.copublishers.co.za
206,buttel.direct.quickconnect.to
207,bitmonetize.com
208,barbarae5.sg-host.com
209,leoparddust.com
210,click.p.hobbyhorseinc.com
211,target-domain-1767886909514.ap1.prod.hubspot-at-test.com
212,musclemode.store
213,vpn.fnpnotebook.com
214,fynra-lomxa-biz09-selni-xelra-spct1.pages.dev
215,templumhn.com
216,hf4yk.lilloufashion.pl
217,host3.mentalhealth.am
218,syzedevelopments.synology.me
219,cabaretewingfoiling.com
220,durumle.ir
221,a4e309032dd21a50.com
222,ww12.axis-innovate.com
223,rossbugaj.com
224,nehzprzdpjanyconnect.petitbo.se
225,shared.api.107.lol
226,store.winpax.de
227,bravominerals.pro
228,dk5bu.lilloufashion.pl
229,kelra-xorxa-biz09-dorxa-sarni-spct1.pages.dev
230,creativeconceptsusa.com.futuresite.register.com
231,eyedrliao.cc
232,dlslodgeofresearch.net
233,homeoffice.guin.net
234,littlepony3742.pages.dev
235,totalsolar.io
236,archpay.me
237,migoolight.com
238,api.app.hentaiz.news
239,admin.www.blog.epbqzdks.cloudapp.orimi.co
240,minutemanpoole.cals4you.co.uk
241,fagxvci-alpha.knowbeforeyougoks.com
242,child-carewebdesign.com.au
243,mailsrv.gmenu.com
244,ustaiwandefense.com
245,sunlighttime.direct.quickconnect.to
246,mail.gardensupplybayarea.com
247,videocall.boekhoudervoordezorg.nl
248,big-clash.ca
249,msfkeyhsmweuprod2.managedhsm.azure.net
250,cloud.agreen.com
251,staging.www.app.landing.weblly.com
252,senhuiguan.com
253,carelabel.org
254,innovation.sairamgroup.in
255,crumdum.com
256,labkids.fun
257,vip888slot.pages.dev
258,test.hoteltoolbox.gr
259,ah-mt.com
260,api.sitemaps.addoninsurance.com
261,ww25.wildcard.nny.au
262,1rh7358.com
263,missing-q-link.com
264,sauron.livearmeniantv.com
265,hfxproperty.com
266,ww16.tickets.krpger.com
267,admin.amarmukdad.weblly.com
268,ceresio.com
269,celtacontabil.com
270,admin.medanswerimg.com
271,brujografa.com
272,essenwoodmarket.adma1005.7artisan.net
273,zakhomes.com
274,autodiscover.gmp.gmbh
275,spiritbox.shop
276,zodii.co
277,sixsix.buzz
278,deskbooking.enreach.com
279,lseafricaforum.org
280,adonly.space
281,admin.lawsnioz.uuuauaaayyayayayyayay.webredirect.org
282,dev.www.discountformula.com
283,dev.kzpsblro.uuuauaaayyayayayyayay.webredirect.org
284,ww38.cbtf.news
285,pay.retailinvestorslawyer.com
286,speechrtiassistant.com
287,webdisk.turtadulce.ro
288,api.dev.rit.almased.uk
289,bid.barnoneauction.com
290,monkeywukong.com
291,herzfaktoren.de
292,test.varietystyle.com
293,visual.perkdpot.com
294,stevepadisdiamonds.com
295,insign-cup.ch
296,root.wwwbrookdale.com
297,adfs02.iautotitleloan.com
298,click2connectcic.org
299,1c6e2fde7258baa5308851a0.keenetic.io
300,direwolf-3eb3de25a8-37c12dfe0513.pear-virginia.herokuapp.com
301,insight.dog-fight.de
302,harvestingthelight.com
303,wildcard.ind.bmwofamerica.com
304,babytellezhernandez.com
305,ghostcopy.ca
306,desktops2.hainanseafood.com
307,globalprotect.golden-china.com.tw
308,account.livauthentic.co
309,dev.api.w.setpparina.weblly.com
310,ainewsrooms.com
311,publinkdu.org
312,gtgtech.co
313,localbizonlineadvertising.com
314,shop.enigmatec.com
315,9d46c1c5.sni.cloudflaressl.com
316,phonekwtobjuc.digital
317,torontocabin.com
318,workspace2.riems.com
319,wiki.hostaro.de
320,mta-sts.azleroofing.com
321,destiny2.direct.quickconnect.to
322,zimmerei-felder.at
323,play-fortunacasino2026.ru
324,vitality-alliance-enterprise.com
325,links-building.com
326,c3c6ff7c-02fb-4aeb-b52a-a09b6044473e.adultosmayores.com
327,mountainvillageresorthomes.com
328,infinitybar.co.uk
329,prayagminimall.link
330,admin.akuzycnq.uuuauaaayyayayayyayay.webredirect.org
331,device-local-8bf2f711-3d7e-4cba-a964-ea71d5fed60a.remotewd.com
332,inst.helpingschoolssucceed.com
333,moodoftech.com
334,mohavecountynews.org
335,pay.southernoregonsteampunk.net
336,ww25.random.mm220.xyz
337,metaassistants.com
338,monitor1.heathernicole.com
339,status.kokomo.cloud
340,api.austinhandymanpros.com
341,gigglebushgardens.com
342,pibs.org
343,johnzenkewich.us
344,getspecline.com
345,igsrbapi.gardensupplybayarea.com
346,web.solklar.com
347,cbizmarcum.com
348,gateway.riems.com
349,eatraw.com
350,api.app.hubleadsedge.com
351,admin.www.eduroam.aisynthetize.com
352,admin.app.hntcore.com
353,admin.api.axissystemspartners.sbs
354,nginxns21.1988.at
355,staging.www.ck44com.online
356,keymasha.com
357,bbs.solklar.com
358,enediscampus.sabaclooud.com
359,portal.mlbjersey.com
360,analytic.pashko.com
361,secondhalfofyourlife.com
362,app.programm-app.de
363,test.www.harengs.com
364,adidtya-perdana.my.id
365,site.definedlines.com
366,staging.app.hqcamptrackpro.com
367,mach7t.com
368,remote.findlayrentals.com
369,mail.mayibuyeconsulting.com
370,7aa30424.sni.cloudflaressl.com
371,ajms.scholarlypublishing.org
372,twsc.riems.com
373,ilejianbao.com
374,ww38.backup.efukit.com
375,wildcard.nlinesbi.com
376,tuttoilweb.com
377,bullshitcoin.io
378,mitrasembako.web.id
379,americanvetserve.net
380,carlcuneo.com
381,vpn.jausenstation.de-zqrpzkmwcv.dynamic-m.com
382,glowbold.com
383,immanuelfabrics.co.uk
384,carolmartinmethod.com
385,cmlawfirm.us
386,carforauction.net
387,smtp.ruddiman.co.uk
388,test.app.hntcore.com
389,0661f4c0-2732-4083-8b1b-80c4718ad7fa.dreaminterpreation.com
390,artloanprogram.com
391,admin.sitemaps.365waterdamage.com
392,bd2dd8ca-c872-4e9d-ae64-fc58571ba2b8.hawaiinshavedice.com
393,ilcac.com
394,pe.riems.com
395,cloud.japanoptics.com
396,dancooperdc.com
397,void369.com
398,602232754db906ad6af106fde195063136c94.id.ui.direct
399,medicaltourism-concierge.com
400,skdydbb.catholic.edu.au
401,mojsluh.rs
402,dev.im.api.x2rohan.com
403,ropex-america-forceglobal.com
404,blueskytravelservices.com
405,v2.autre-salon.ch
406,enterhideout.com
407,puppyplushplush.com
408,info-8c6.workers.dev
409,gp.lovebuy24.com
410,access.ruddiman.co.uk
411,oneworldonerope.net
412,c1721d78565.4dcellfate.eu
413,gw-test-portal.neuronsw.com
414,lexieracanelli.bhhscalconnect.com
415,test.vardagsflow.com
416,tiemcenter.co
417,legacytrainingonsite.com
418,lewesboardshop.com
419,api.underlay.dmz.org
420,roxyhallislandcuisine.com
421,elitelegalalternatives.com
422,lipcare.fr
423,caretabs.biz
424,designsbysisa.com
425,prelogon.turtadulce.ro
426,yye.branches-et-deco.fr
427,xensesolutions.org
428,bebesbarn.com
429,test.api.insurgo.dom.au
430,link.blummtech.com
431,comune.pashko.com
432,24x01nkexyzh.au-syd.codeengine.appdomain.cloud
433,api.www.harengs.com
434,dashboard.thingaverce.com
435,revonicworld.net
436,harvestservicesltd.com
437,new.cbdoase.de
438,harveypropertiesllc.com
439,ihx.riems.com
440,members.unternehmensberater24.ch
441,remote.myhousingforall.org
442,melyac.com
443,petitchatbread.com
444,solarmicroinverters.com
445,charlottekellogg.net
446,897188.app
447,career-buddy.online
448,jadesilverluxe.com
449,dev.koujxzhc.uuuauaaayyayayayyayay.webredirect.org
450,staging.leonferrari.com
451,ripple.animalfactguid.com
452,cpcalendars.jecroisdoncjeparle.org
453,seehat.org
454,api.www.dimas.pp.ua
455,inkflip.store
456,altinolukemlak.com
457,gnpsc.org
458,cuatrocopasbartapas.mimenurest.com
459,pay.rocksteadypromotionsinc.com
460,ai.ionelcostel.eu
461,ww25.superset.milespilt.com
462,pay.advenacapitalgroup.com
463,undangandigitalsurabaya.web.id
464,bulba.fun
465,66hudson.com
466,bc6cf0fb.sni.cloudflaressl.com
467,filmandtvcastings.co.uk
468,stemapartners.com
469,nikkahnamaoffical.com
470,kibi.devux.net
471,webmail.nudeinfrance.de
472,langlangypanel.top
473,dxp4800-2c04.direct.ug.link
474,rdweb.acrodynamics.org
475,test.app.hntnode.com
476,members.gardensupplybayarea.com
477,gaya4dvip.org
478,ogbuyandsellogbuyandsell.com
479,ildcard.lecinquevele.it
480,argo.debthumch.com
481,gazooresearch.com
482,ww25.adpool.co
483,4120ea48-a5e0-498d-9542-c59748364c71.www317332b5-df31-4074-879d-61e94e96afa6.workers.devvdpkcwes.uuuauaaayyayayayyayay.webredirect.org
484,cargorisk.net
485,ryfwkoua.thetechbusiness.com
486,9tv10.com
487,thegoldentruth.com
488,1nightowl.xyz
489,account.mymaluminios.com
490,ioqqjzimbra.ruddiman.co.uk
491,vpn.chakinanalytics.com
492,lavestida.com
493,mcdfoodforthoughs.com
494,a129b1994.4dcellfate.eu
495,willi-am7162s-tar.da-niel-wolf-3-75.workers.dev
496,gtmqawwe.renge.es
497,marasdondurmaci.com.tr
498,parlourwm.com
499,iso-stem.com
500,unisoft-demo.com
501,test.mail.staging.dashboard.mail12.shishartech.com
502,buyways.cloud
503,vpn2.riems.com
504,staging.ctnamjuan.jobi.one
505,jvav.ama.moe
506,vistamorix.com
507,certifiedplaneappraisal.com
508,iwe079.direct.quickconnect.to
509,bluszczowa.a4g.pl
510,old.efukit.com
511,planehanger.com
512,0498993f-81ce-4f16-99d3-7fd8ff539e12.hotelsinprague.net
513,cvyvivpn.matecrawler.com
514,ww25.mail.ideal123.xyz
515,lichthypnose.com
516,marcellecardoso.com
517,hbdcjs.com
518,p3auto.ca
519,gjuxtmzv.seminolesherrif.org
520,anewdbrandoneb79f7f0fce.zendesk.com
521,cloud.agricolalamezcalera.com
522,admin.www.harengs.com
523,jimenezinsurancegroup.com
524,repotal.us.confimit.com
525,carinsurancebismarck.com
526,suitcasestories.gr
527,boudiccaswoodshedltd.co.uk
528,auth.rationen.de
529,be04ea84-15ad-4ab4-b905-5c6164aa0cea.ballmusical.com
530,meetprolink.com
531,kdnjowv.online
532,marketingodborne.online
533,test.wiener-pferdefest.at
534,dev.robotfloorcleaners.com
535,support.bnbformula.com
536,test.curn.cloopm.com.cn
537,rxskciqf.casenetmo.org
538,xinc.074073.xyz
539,reboot.pp.ua
540,bach.tf
541,ehbvsvip.com
542,loulousstories.com
543,pricewise.rcapress.be
544,adm.bestorcasinos.com
545,talent.uaeglp.gov.ae
546,ww25.packingjobsmexico122402.icu
547,expresseviction.net
548,mysqleditor-coloradohornetyouth.kinsta.cloud
549,login.migliorshop.it
550,t.gcpu.org
551,tongjiliuxue.net
552,fkxjgildmswww.git.git.gitlab.afsb.nhstage.com
553,staging.app.hss93top4.com
554,autodiscover.deustchland.de
555,centralnetworkmedia.com
556,10kin10.com
557,walk-ons-menu.com
558,emjrzwco.mpm.ro
559,askandrewtech.com
560,7start.site
561,quietnights.site
562,cleliapergola.com
563,qsitconsulting.com
564,app.vodasign.no
565,static.dog-fight.de
566,loma8s.com
567,sparocio.com
568,leticiaramos.fmvlistings.com
569,marinajoseluis.es
570,genotypediet.net
571,restorationheroes.org
572,okpckoutlook.pashko.com
573,account.offtropic.in
574,126853df-7508-4d3a-bc0a-06b600466540.hotelsinprague.net
575,jacobs.properties
576,wwwwwwwwwtest3.wowdesign.hu
577,moxie.am
578,abogai.com
579,admin.ctnamjuan.jobi.one
580,barbara.tech
581,mattressoutletandmore.ca
582,ericksonchev.com
583,itxrea.info
584,trush.1988.at
585,66cno.org
586,german.sex-contacto.com
587,lopanqiris.store
588,gamblefuneralhome.com
589,lingyedesign.com
590,southbeachmiamiluggagestorage.com
591,gh208223822781tunnel.westeurope.azurecontainer.io
592,baga10255.workers.dev
593,fjwie3ovdnj0itdz.workers.dev
594,test.deletdisor.com
595,nedyl.cfd
596,test.app.guttercleaningbondurantia.com
597,bd67-8.com
598,rouzyyna.lol
599,ideatoexecution.com
600,infinitiofwestchester.com
601,gqfldredirect.bestorcasinos.com
602,gp.relaxaaifofa.com
603,mx.dskd.de
604,api.rationen.de
605,admin.sitemap.cablecutting.ca
606,vpn.nex2.com
607,email.mail.lumafly.com
608,dev.api.missingforms.com
609,test.hpjkzdyu.garnix.me
610,new.zalais.lv
611,qumulusdatacenters.net
612,test.smtp.lemotorsh.ir
613,ww25.rdp.nerflex.com
614,romanow.xyz
615,konradkakraba1234.workers.dev
616,wwwtyxsnqml.internettudastar.hu
617,api.dev.visual.almased.uk
618,mspipe.in
619,account.plant-exotic.co.uk
620,igenico-flashtech.de
621,ww25.chrisitanbooks.com
622,a0c8eee9-8ad5-4b0a-a285-ccf504214681.solklar.com
623,agnicoeagle.autopi.io
624,maintemplate.allianceoptikk.no
625,mme-manma.com
626,apps.sebezh.com
627,link.studiomuseum.org
628,cedresbecancour.com
629,sslvpn.ruddiman.co.uk
630,test.beta.srv214-249.slsnd.com
631,cambornerfc.co.uk
632,clearcompany1762789818.zendesk.com
633,kikidrop-franchise.com
634,verolup.eu
635,limbus-scrypted.leuchter.org
636,mailin.matecrawler.com
637,www.www.www.housekeepinguniform.in
638,ildcard.riems.com
639,niceavamoon.sma-rt-james.workers.dev
640,jrenergy.pl
641,thementalmindshop.com
642,akinde.online
643,boduobadaimu.com
644,outside.coffee
645,test.www.dimas.pp.ua
646,ww5.wwwccsnotice.com
647,eishin-bankin.co.jp
648,recruitment1.click
649,inst.aumtechpartners.com
650,aegisforecasting.com
651,staging.splitdecisionmma.info
652,pay.chooseagreenhome.com
653,trip2scan.top
654,web.icleanboats.com
655,api.api.astrosmartanalytics.sbs
656,rostekgroup.com
657,cpanel.dev.musicteachertech.com
658,rocketgate.net
659,alovsender.com
660,egedenkurumsal.com
661,dev.heiztarif.de
662,porta-anihti.gr
663,dev.www.comoe.decomomjfufgbglqg.beta.h2775398.stratoserver.net
664,skillcatacademy.com
665,ww17.nano.homemadeblackporn.com
666,staging.app.flunkwizard.org
667,sub.sub1298.blocked-site-hole-cert.pl
668,bark-and-ride.ca
669,painter-jobs-3hnpguala354.today
670,illapel.netcore.cl
671,teluguteyjam.com
672,livzen.site
673,mta-sts.matecrawler.com
674,architecte.finance
675,tjmengniu.com
676,dropzingy.com
677,clemnas-rgsft.direct.quickconnect.to
678,602232a9ec5506c7fac60719d0fd063450f02.id.ui.direct
679,dev.luciestyle.starac2007.com
680,vmi2995681.contaboserver.net
681,bilhikmah.com
682,chikungunyavirusnet.com
683,support.dev.monta.app
684,anna.affordablehousin.com
685,frizzbust.com
686,ww25.dxb-gr.hyperstack.tech
687,kilter.officeinfra.com
688,vx-1wn.pages.dev
689,ww25.officialmemberssoftheilluminati.site
690,dev.api.banche.sbs
691,esus.saojoaodosoter.ma.gov.br
692,prestashop.bestorcasinos.com
693,subbs.e2e-wildcard-yyhos.apps-ci-e2e.appplatform.dev
694,edgar.vilotti.com
695,wqrsnkap.seminolesherrif.org
696,ssl.myhousingforall.org
697,test.app.hselearning.com
698,florus.education
699,website-d84a4635.vlc.tzn.temporary.site
700,gansnet.com
701,nas-naoned.synology.me
702,huaychok.net
703,test.wwwcom.nip.iofufgbglqg.beta.h2775398.stratoserver.net
704,tf-test-my-instance63tb4nri10-653407317329-git.us-central1.sourcemanager.dev
705,leini.tw
706,4634dbc6-79d1-4e88-83c4-858577163862.heiztarif.de
707,motornetics.com
708,gardenforecast.us
709,patient-splendor-8b6fed4e89.strapiapp.com
710,4b120591.sni.cloudflaressl.com
711,test.app.goldenfoodco.com
712,casemonster.bg
713,aducargo.es
714,localhost.premiereagent.com
715,inst.premiumautomationai.com
716,staging.cryptovanta.cfd
717,lemanai.fun
718,hoppowy.com
719,eposta.domainedirect.co.uk
720,grafana-ops-ep-sg.overseasops.com
721,sso.tidlundfoundation.com
722,runeheroes.com
723,webdisk.premiereagent.com
724,ladyfan.com
725,littleloveresale.com
726,api.browniesenco.com
727,djarumtoto-superwin.pages.dev
728,kuuailianss.com.cn
729,moso.cn.com
730,airductcleaningarvin.com
731,natsboard-test-1.aws.sigmapool.com
732,www168df056-b8ce-448a-9848-b9de8aa0a8a4.workers.devantonlinebanking.mysrtick.insightandsound.co.uk
733,api.aluminm.comsecure.bxxoiww.blackbox.monitor-srv.23c.se
734,ww17.firstmarkservices.org
735,inspiredalternatives.com
736,tinyeyesgifts.com
737,preprod-viz.dealsonammo.com
738,leycopropiedad.cl
739,visit.riveschurch.org
740,rozaqku.com
741,rvccministries.org
742,qblog.eu.org
743,m.hellseher-online.de
744,f70f03d0-9f95-4550-b6d1-3d8add8c4110.hup.es
745,sonosc.com
746,valentin-muller.com
747,pimentaexpansao.com.br
748,ww17.superset.jefferequine.com
749,staging.wwwfhoyksberbank.lozhka.avito.gold90.weblly.com
750,links.esengenharia.com
751,communitypropertymanagementcorporation.com
752,kodama.justchurchjobs.com
753,8c42ae46-eb7d-484f-be9b-17ac648d2a5f.deustchland.de
754,ibm336.top
755,telemetry-proxy.intense-cliffs-7149.herokuspace.com
756,admin.www.buaud1.wls1.com
757,ww25.app.gmfinantial.com
758,corporatestrategy.sbs
759,ethos42-prod-va7.ethos.adobe.net
760,app.cofoundit.ai
761,enovativemarketing.com
762,rideanddiscover.co.uk
763,pfl1.aquariders.net
764,ns1.pklfotografia.com
765,ww17.ww6.samaratanspurse.org
766,livedatacenterretrofits.com
767,sofafurniture.my.id
768,consumerunifiedagency.com
769,abcsteel.at
770,constructanalytics.co.uk
771,7327.iivo.direct
772,sitemap.hellseher-online.de
773,aa4a9e80.sni.cloudflaressl.com
774,sushirollitz.com.br
775,eb01.aroundthe505.com
776,help.privathaftpflicht.at
777,ctajqtfxltinside.hup.es
778,ldap.rachidi.de
779,staging.app.hamsterplay.com
780,dev.scoolspring.com
781,sci.hup.es
782,forticlient.nex2.com
783,fortbendbuzz.com
784,mshafiq3569.workers.dev
785,tma.052.myftpupload.com
786,gtl-mena.com
787,api.library2.noondaycollection.com
788,ws-climatecnica.cl.protecnus.com
789,admin.app.hitechfa.org
790,admin.www.hehehe.jobi.one
791,ogrekind.com
792,admin.app.hubcompanymap.com
793,pipeline.gardensupplybayarea.com
794,shibahonpo.jp
795,theparkhotelmeadowlands.com
796,oceancountylibrary.com
797,googlegift.shop
798,stefanosfinejewelrydesign.evideomarketing.biz
799,dfcbnjtx.almased.uk
800,film-foundation.org
801,outline.incubateur.net
802,gnaddwww.ibatech.com.tr
803,vaporini.com
804,members.pizzeriaguiden.se
805,4961eee50bc24273a7e12ecaee458ae4.int.ae.cc.arc.azure.net
806,staging.lsqbuciw.uuuauaaayyayayayyayay.webredirect.org
807,designerelectricfireplaces.com
808,xcb.didacta.it
809,tubsd18bde441720a069ea8de30eac426723fe.zendesk.com
810,toreuyar.workers.dev
811,starer360.dpdns.org
812,speedlogic.com.co
813,xubnvwww.eqkwwjavor.luzerncounty.org
814,fsmirror84.lol
815,hanjahero.com
816,ctashrae.org
817,riverness.net
818,6c63f8677951090f91c098bab8f0681b980e.id.ui.direct
819,renovandotumente.org
820,zt.mentz.dev
821,tasking.tech
822,themuse.co.in
823,dev.app.hungrydepot.com
824,06200966c06d4f3e20564c1422a032ce.eu.r2.cloudflarestorage.com
825,device-local-07caac69-7c20-4e03-8368-050dc1e6c3fc.remotewd.com
826,dashs.cric365.com
827,test.www.asdasdas.dana.konimbo.co.il
828,staging.www.en.allured.almased.uk
829,gigstraxs.com
830,68gbvip3.com
831,glaylww16.workflow.namecheat.com
832,5292bdeaff1a19f.intcloud.azurecertificateservice.azure-int.net
833,citizencom.foshiznik.com
834,harvardextensionnetwork.com
835,qomwjzkr.cfcnc.org
836,pluisje.be
837,ecoseek.net
838,gqewxww25.secure.acueductopr.com
839,admin.splitdecisionmma.info
840,ufff.com
841,randallstephenhallsongs.com
842,premierrealtygroup.org
843,1000million.net
844,dev.www.aomenbaijialewangshangtouzhuzhan.22xploitercrew.com
845,successcommunicationsinc.com
846,cfta.org
847,lwyrrmautic.dreaminterpreation.com
848,en.bayviewri.com
849,dev.www.en.angelaenjoylife.almased.uk
850,ww25.bbs.debitdiscover.com
851,kwhwy.com
852,wavechanger.com
853,18c97ba3-6d37-4f7e-a175-bb1219dd438e.mugshotswebsite.com
854,hdimooncake-sp33-v51-chinan3-01081612-int.azurehdinsight.cn
855,staging.assets.demo.cdn.mail1.shishartech.com
856,buygrayawaybar.com
857,dev.hvzjtcgy.uuuauaaayyayayayyayay.webredirect.org
858,brainpopjr.com.mx
859,graysjewellers.ie
860,najlepsiebook.com
861,ra-vpn.crowdrelief.net
862,staging.app.nisbets.mob.au
863,api.app.hqtoanthanh.com
864,admin.okwjdgen.lightspeedsystems.help
865,consul-ops-ep-sg.overseasops.com
866,dejosh.direct.quickconnect.to
867,panglobal.idealfinancial.com
868,subbrandname1668086427.zendesk-staging.com
869,cfs-coda.de
870,purrsanctuary.com
871,wwww.qemedia.com
872,remote.namijoplin.org
873,poktushop.com
874,reporting.sumacare.com
875,abhi.now
876,staging.www.dev.www.www.walletx.co.uk
877,aosetups.com
878,ai-ckd.com
879,sub.gatewaytechitservices.com
880,e-sapa.org
881,solnet.mejoresguantesdeboxeo.com
882,cryptowatch.news
883,d82dd48d99038c1a881fd612.keenetic.io
884,staging.api.beam.finance
885,feetfinfer.com
886,kmqiq.buzz
887,glowfox.lat
888,alex-lahandyman.com
889,musicvillecares.org
890,int.ozicare.com.au
891,jyskvikar.dk
892,dev.cimo.it
893,admin.amvtfcbq.uuuauaaayyayayayyayay.webredirect.org
894,report.fusioncommunity.church
895,correo.cfoz.com
896,ogrmeds.com
897,colibrinaturals.com
898,sdelectronics.krispycottage.com
899,admin.acwubyge.uuuauaaayyayayayyayay.webredirect.org
900,old.propertymangementlowell.com
901,www4ww1.login.vpal.finansintes.insightandsound.co.uk
902,2dxri.lol
903,vermessen.berlin
904,the1924pilates.com
905,v2.trio-atanassov.com
906,rayamkumar98.workers.dev
907,adventurewoodscapes.com
908,intra.lecinquevele.it
909,temp.gardensupplybayarea.com
910,dash.bostonfoodshopsanddeli.com
911,najka45.store
912,sv.klugscheisser.de
913,test.mail.login.4f23c1a16824e4d992f467ea.shishartech.com
914,aurestia.pl
915,legostones.net
916,xtimeshares.com
917,krystalhairandbeautyclinic.co.uk
918,alexkuzmin47.workers.dev
919,elite-dispatcher.com
920,ww17.parcelpla.net
921,ww25.facebook.uci-travel.com
922,sama.arztverzeichnis.de
923,staging.izwblryx.lightspeedsystems.help
924,alshamel2.com
925,elenabogats0xuz.workers.dev
926,elitehombre.com
927,businesssuite.andreas-schmitt.com
928,cf.buurtfolder.nl
929,staging.wwworjfipzg.lightspeedsystems.help
930,d47133c2-8a46-4650-9fb8-2e0ad0c4d6cf.jokoso.com
931,pec.insightandsound.co.uk
932,moshanqishi.dpdns.org
933,admin.app.hollielabs.xyz
934,airductcleaningangleton.com
935,rds.browardcourts.org
936,pay.kerrna.com
937,ptcmscloud.com
938,gtmmaster.help
939,go.starlyne.co.uk
940,cherokee-ocuniforms.com
941,tizuqapp.relaxaaifofa.com
942,dev.jobsalary.com
943,ww12.minifiguresworld.com
944,gforcelightninglamps.com
945,test.approve.ae
946,device-ffdc188f-78d4-43b6-9eb0-2634864b604b.remotewd.com
947,serayardim.com
948,venusintlproductions.com
949,ginazerboni.com
950,wuzhuibloodstock.com
951,bcsf.me
952,therizbiz.vip
953,38fpia-cq.store
954,registrations.kangaroopakistan.org
955,ww31.131145.thefutureis.digital
956,undersclub.com
957,1447124645d23948d70dac07.0oyb7.mongodb.net
958,jet.pianet-group.jp
959,proxy.cloud.sventeunissen.com
960,therizzbiz.vip
961,flcas.findlaw-qa.com
962,client.riems.com
963,democraft.services
964,ww1.thesurgerynewtonway.co.uk
965,paranoidprose.blog
966,direwolf-919d733f49-e6cbfc8f6561.herokuapp.com
967,api.app.hornservices.com
968,thinair.workers.dev
969,moruamethods.shop
970,airconditioner-21f-8307220.world
971,xrpexc.com
972,carolcow.com
973,fashionelegance.store
974,midomingosiete.co
975,mypotato.ddns.net
976,jobready.net
977,therisenapparel.com
978,staging.ctszhajp.caddy-one-ibe-redirect-proxy.eu-central-1.elasticbeanstalk.com
979,dailymusclesale.com
980,staging.wwwcms.jobi.one
981,nw-portal.com
982,admin.sitemap.canadianjewishfederation.com
983,kenbreeden.com
984,admiresupplies.com
985,smartworldtyping.com
986,sahc-chelles77.fr
987,adutils-e2e-test-8459382.live
988,secure.intense-cliffs-7149.herokuspace.com
989,blog.nexuswerx.com
990,clusterfleet-crds.ingress.wus2.microsoft-falcon.net
991,izanth.xyz
992,metabase-kpi.supertripper-ops.cloud
993,smtp.premiereagent.com
994,staging.assets.kosivmr.if.ua
995,huntzz.workers.dev
996,medline.het.org.ua
997,pascoa777s.com
998,parmagrocery.netface.a2hosted.com
999,d0u.d08.myftpupload.com
1000,api.dev.prodeman.exomindset.co
1001,elevents.fi
1002,espanya-ens-roba.pages.dev
1003,qtyardho.my
1004,antogesprod01.wptestinstall.com
1005,demivollering.com
1006,librabet-2609.com
1007,gemimahstyle.com
1008,test.www.comarman.com7jfufgbglqg.beta.h2775398.stratoserver.net
1009,ti-d38.workers.dev
1010,stickerfactory.vn
1011,ns1.liveunitedsem.com
1012,audit.alten-eichen.net
1013,carrentalsnearme.ca
1014,qdtzfmail.barareafastrak.org
1015,seanusher.mortgage
1016,vvsfagmann.no
1017,gauravjhamuzaffarpurregistrykativ.top
1018,salonorchidei.pl
1019,tutoring.co.uk
1020,admin.www.comns.cazh.comdevomfufgbglqg.beta.h2775398.stratoserver.net
1021,api.dev.myaccount3.almased.uk
1022,elon.se
1023,byakko.sylphy.digital
1024,xa41p.digital
1025,g.riems.com
1026,staging.www.dknrqoup.ltd.au
1027,businessprocessconsultant.com
1028,account.ozendental.com
1029,app.zjek.com
1030,helpdesk.adducity.gov.mv
1031,api.app.huajialvyou.com
1032,staging.afxrvnzh.uuuauaaayyayayayyayay.webredirect.org
1033,dandyproducts.com
1034,edia.sfvn.pipajsk.webdisk2.insightandsound.co.uk
1035,israelballet.com
1036,test.www.commercialproperty.network
1037,chiptrans.com
1038,dashboard.convertitall.com
1039,cloud.bricklanestudios.com
1040,api.www.dknrqoup.ltd.au
1041,thenailinstitute.com
1042,8970a4b3-b337-4f77-a377-2215c522b9e2.esalg.no
1043,it-ssl.arztverzeichnis.de
1044,ethan-daniels.com
1045,ibbsneil.dpdns.org
1046,staging.lfcwgixe.dom.au
1047,staging.unilabs.co.uk
1048,api.api.e-orders.dom.au
1049,gpt.klugscheisser.de
1050,bi.arztverzeichnis.de
1051,pay.cruinsights.com
1052,br.hotmal.co.uk
1053,ww46.657docsids8.maximum-status.com
1054,rrffnbranches.arztverzeichnis.de
1055,ead7e948db8b4c8a814b89a7817577e5.int.ce.cc.arc.azure.net
1056,steeghs.cc
1057,hire-ken.com
1058,lowcarbtexas.com
1059,breakersinsurance.com
1060,staging.www.en.amozeshenamaz13.almased.uk
1061,labcertify.se
1062,internal.delightfulrock-525d5a07.westeurope.azurecontainerapps.io
1063,maadpc.com
1064,35882987060a10a37a3d7943.keenetic.io
1065,bin.kokomo.cloud
1066,kennynoyes.com
1067,access.itmakessense.com
1068,ra.relaxaaifofa.com
1069,marutiengineeringcompany.in
1070,nd-mod.online
1071,novamat.vn
1072,ns2.landerscash.com
1073,dev.www.abupykr.lightspeedsystems.help
1074,nagbot.com
1075,prepvidya.in
1076,dev.www.api.djxdoc.recodz.com
1077,expertient.com
1078,deletdisor.com
1079,consultgear.com
1080,capcosac.com
1081,okyaygloballogistics.com
1082,dev.app.hollielabs.xyz
1083,vivent.la
1084,globalbiomics.com
1085,c63d9076.sni.cloudflaressl.com
1086,test.wwwbkwogwww.abcjogos.weblly.com
1087,sensor018.e7ech.org
1088,encore-staging.com
1089,activecode.in
1090,ugtfnrpj.lightspeedsystems.help
1091,dev.app.homeproductsearch.click
1092,dosg.vpnlegasi.com
1093,b000e7ae-58ce-4051-92a1-ecd3ca24915d.hotelsinprague.net
1094,tylta.com
1095,radiator.one
1096,maasimpactventures.com
1097,xxgfizmail.webuildafrica.com
1098,dev.v2.khanacademy.mom
1099,achadinhosdodia-oficial.com
1100,penk.co.th
1101,nextcloud.schorbov.eu
1102,65253ea0.sni.cloudflaressl.com
1103,point-and-shoot.com
1104,api.cubeitlap334-24.cube.org
1105,appliance.pashko.com
1106,api.leonferrari.com
1107,yefeng0909.direct.quickconnect.cn
1108,demo.1907house.com
1109,retatrutid-butiken.com
1110,s-yingchao.com
1111,report-demo.flowerbox.hu
1112,co.movimientodemocracia.net
1113,admin.app.homeinspectionscalifornia.com
1114,sandbox.wwwccjgzxmcbg.bg.geek.nz
1115,pigstop.it
1116,dep-sandbox-backend.startechcompany.com
1117,c2008.compute.dub1.edc.strln.net
1118,transparencia.fycma.com
1119,lionandthelambboutique.zendesk.com
1120,hnxqrvwe.dom.au
1121,ns1.division3construction.com
1122,n8n.lhl.care
1123,dev.sefpbaij.uuuauaaayyayayayyayay.webredirect.org
1124,ewc-net.org
1125,78b65b81-79cd-47b3-bd35-37c0cf9fbefb.centralnacionalunimed.com
1126,lectnhyz.fmu-global.jp
1127,b-babakan69.workers.dev
1128,api.www.commercialproperty.network
1129,cc22783d-6fbd-4b44-ac38-a29445920ad4.ruddiman.co.uk
1130,api.shcs.almased.uk
1131,wahyutotocc.sbs
1132,ww25.1m.abj.company
1133,staging.1907house.com
1134,anywhere.ruddiman.co.uk
1135,pay.socialcircle.me
1136,ee909d299352.database.usgovcloudapi.net
1137,owarihokubu.com
1138,gpptmapi.comgirls16.com
1139,evolutionpromocao.com
1140,staging.dev.motivasidp.almased.uk
1141,dev.library2.noondaycollection.com
1142,mpsjunior.workers.dev
1143,admin.kyzmctnu.uuuauaaayyayayayyayay.webredirect.org
1144,hubcitysoccerclub.com
1145,c4132c1c4c970240883960f7.keenetic.io
1146,api.kxdjobga.uuuauaaayyayayayyayay.webredirect.org
1147,staging.stateastasiamanagedcerttest.cappstestdoswebblumebod3.ecopoil6.shishartech.com
1148,vpn-gate-1-pri.rtlab.com
1149,relay.cpks.de
1150,carlos-wilson.com
1151,qg3.5d3.mytemp.website
1152,jwc.bestorcasinos.com
1153,dev.www.comng.euom.comlab.news.h2775398.stratoserver.net
1154,staging.wwwcan.jobi.one
1155,api.lgacdxpm.uuuauaaayyayayayyayay.webredirect.org
1156,kundenportal.cpks.de
1157,dev.lasalle.studyhall.com
1158,staging.app.humanoidcore.com
1159,motor-tap.com
1160,outlook.historicmotels.com
1161,dev.app.hubsaasbase.com
1162,pay.gagalabs.co
1163,sreducatcareer.com
1164,geoffmaxtedphotography.work
1165,dev.kpegchti.uuuauaaayyayayayyayay.webredirect.org
1166,casahoje.sbs
1167,staging.londyn.cat
1168,staging.dev.visual.almased.uk
1169,uk.modernexpo-euroshop.com
1170,api.www.c.locationeab.site6.shishartech.com
1171,test.app.hopeofher.com
1172,monitoring.arztverzeichnis.de
1173,naturalfashion.com
1174,joaoecamila10deoutubro.com.br
1175,spendhoundanalytics.com
1176,lsm99asia.fun
1177,mip-casa-optima-api.armada-lex.io
1178,test.api.bannedhuman.com
1179,ww38.download7235.mediafirexx.icu
1180,f4c3c6f85c5798c35cc9bbe1.keenetic.io
1181,access.cpec.in
1182,app.splitdecisionmma.info
1183,account.eclatdemuse.com
1184,nocreditche.308183.free-press-release.com
1185,communityyouthchoir.com
1186,industrialrobotscalifornia.com
1187,neto.afiliados100x.com
1188,device-local-9d0f423a-0c08-4f86-8306-21d690bfdc07.remotewd.com
1189,bonethewife.org
1190,a-good-accident-lawyer.online
1191,martaleal.smart-creative.pt
1192,git.comgirls16.com
1193,uitvaartverzorginggeldrop.nl
1194,ourstoryshared.com
1195,pay.615homeworx.com
1196,fomtec.be
1197,dev.api.banzou.sbs
1198,receiver.jesper.se
1199,api.golden-china.com.tw
1200,asa.ruddiman.co.uk
1201,sitemaps.importcalculator.uk
1202,api.app.yrlu0sl9erqmag.com
1203,seed.pashko.com
1204,poolhouse.cloud
1205,n1330.com
1206,lethalweaponinc.com
1207,wap.chana.club
1208,earn.us.com
1209,infra-analytics.alten-eichen.net
1210,243tune.com
1211,analytics.armardi.com
1212,cart.centralnacionalunimed.com
1213,kxrghnjy.meltwaterproducts.com
1214,ninedices.com
1215,libertymutualinsure.com
1216,josyuip.vip
1217,ngsolvpn1.ruddiman.co.uk
1218,mta-sts.josephinexo.com
1219,rettet-gandalf.de
1220,dev.vapeno5.com
1221,test.sampqutv.uuuauaaayyayayayyayay.webredirect.org
1222,api.app.hooshrooms.com
1223,humoristen.no
1224,evrconstruct.com
1225,alba.dengting.com
1226,vsms.ch
1227,patir.k2023.webawere.nl
1228,xapp.ruddiman.co.uk
1229,go.francisfayoshabla.com
1230,saintfrancisbeauty.com
1231,ww1.signall.live
1232,chalet-en-montagne.com
1233,slotokingcasino.ru
1234,saosao.dpdns.org
1235,admin.app.hyperflowbase.com
1236,ra.nobrand.ch
1237,iki.eyemedvisioncard.com
1238,dcopproofing.ca
1239,om.kazmin.com
1240,roswellguide.com
1241,mudgalventures.com
1242,bgtv.sbs
1243,mospar.ru
1244,intranet.runningsnowshoes.com
1245,poucherie.lt
1246,enginecores.com
1247,chart.russiehotel.com
1248,88adx.mesh.mongodb.net
1249,wallwhimsy.store
1250,jojodreams.co.uk
1251,frontlinewasteservices.com
1252,local.ruddiman.co.uk
1253,tricountycarting.com
1254,latestrobot.com
1255,dev.rmi.co
1256,games.kuranty.com
1257,yellowlees.com
1258,dev.delawarepublishing.com
1259,mx001.nixor.com
1260,ww25.rp77739.com
1261,bigfootmalpensa.it
1262,1l-haus.de
1263,cny.com.brmdb.netww.22fd810e.nip.io
1264,insights.arztverzeichnis.de
1265,axelelie.direct.quickconnect.to
1266,mariannebogman.nl
1267,email.kjbm.adirondacknewcomers.com
1268,dev.wwwcomlab.www.www.docs.apihuman-machine.seedbox.fouilhe.fr
1269,sslvpn2.comgirls16.com
1270,source-domain-1767886877064.na3.prod.hubspot-at-test.com
1271,chart.arztverzeichnis.de
1272,agency02-projects-vodafone.innovationcast.net
1273,imaglobalservice.it
1274,leipersforkranch.com
1275,tun26.sbs
1276,project-one-gazetteer.pages.dev
1277,connect.centralnacionalunimed.com
1278,adultosmayores.com
1279,threepor.site
1280,paintcorpslive.com
1281,fr.jazzinmykonos.com
1282,figtrii.online
1283,crossfit.help
1284,sentryautomations.com
1285,synology-reserve-cvh9bsnnt4026l.direct.quickconnect.to
1286,sherfick.net
1287,4e949909.leves.hu
1288,blog.munozrealty.com
1289,enterpriseenablement.sbs
1290,ds-pr-3839.prestonventure.com
1291,m.freecelebritysextapes.com
1292,fasd-selbsthilfe-altmarkwendland.de
1293,cdn.mazhor-online.ru
1294,thryvxye.com
1295,kyushu-japan-holidays.com
1296,webdisk.jsb.zym.mybluehost.me
1297,web.reic.ca
1298,housinggreen.com
1299,alpinecelebratfr.com
1300,mta-sts.mc-devils.de
1301,cpcontacts.ruddiman.co.uk
1302,cactusskincare-v2.yeahbuddy.nz
1303,locations.ruddiman.co.uk
1304,wo-39lwnnoefxymci9rzjmdidl6d.w.modal.host
1305,live-www.cagayan.vote
1306,irundle.com
1307,myvv.us.ci
1308,assembled.com.au
1309,caringforcancer.store
1310,admin.www.commericalpermitsapprovalemails.co
1311,admin.dev.os-ios.almased.uk
1312,ironridgegearco.com
1313,wo-13z3m6ic29drrn5ndo0e2bvet.w.modal.host
1314,mobile.freeadblaster.com
1315,bgunik.cc
1316,awvpn.steel.cl
1317,kickoff.ro
1318,rachelmcwrites.com
1319,admin.adtghbin.uuuauaaayyayayayyayay.webredirect.org
1320,top88best.biz
1321,dev.www.cloudflaresarksommerha.shishartech.com
1322,mjkstainlesssteel.battery.cam
1323,staging.dev.www.nything.jobi.one
1324,dev.app.eezy.money
1325,carveracehardware.com
1326,dasfehltenoch.de
1327,geappliancepromotions.ca
1328,atvr4d.mesh.mongodb.net
1329,api.lendingmystorybiobook.com
1330,run-detroit.com
1331,kadoloja.online
1332,kanjees.com
1333,api.api.banyun.sbs
1334,proposals.mdvkreatif.com
1335,www7mstaging.dev.gandal.insightandsound.co.uk
1336,mail.matrix-cells-img.safeandrules.com
1337,dev.uemqwpdc.ltd.au
1338,dream168.info
1339,vsaminnesota.com
1340,de.leitbild-training.de
1341,blue-lobster.fr
1342,testtulips.alliancehealthcare.com.sg
1343,5c8ac028-bc50-4ffe-b07f-712420d42ad4.dootee.com
1344,weightlossbeautyandlove.com
1345,api.dev.cimec.almased.uk
1346,f7c7627a.sni.cloudflaressl.com
1347,blacdutch.com
1348,northamericansaunaassociation.com
1349,rtmenaaz.ddmysteries.com
1350,api.manager.dataworlds.direct.quickconnect.to
1351,lapazint.com
1352,imeanbusinessinternational.com
1353,6c63f8e9c0e4094d9bdd09cde18c0687e7934.id.ui.direct
1354,olssonconstruction.biz
1355,automotriz360.sertecit.com.co
1356,connect.mindpicture.com
1357,lexton-group.co.uk
1358,uat.cimo.it
1359,subshay.com
1360,run2quit.ca
1361,clearwaterfloridadentistry.com
1362,wo-a67jyin6l7yfd9i52mbtwfqpj.w.modal.host
1363,rossweir.com
1364,pages.seniorpoliciesrelief.com
1365,form.toplegalexpert.com
1366,admin.api.goodies.konimbo.co.il
1367,email.htmllink.de
1368,polandtoday.space
1369,agexpressservices.com
1370,pay.k5welding.com
1371,templumga.com
1372,ajindustrialsales.com
1373,stratplus.com
1374,dev.app.gotscottrichardsconsulting.com
1375,heider-ed.tech
1376,thaispiritualmassages.com
1377,resourcelens.cloud
1378,ung-trafik.dk
1379,test.wwwclient.scramjt.jobi.one
1380,rd.pmif.com
1381,sassmachine.co.uk
1382,gabesantos.com
1383,wmenvironmentalperformance.com
1384,columbarium.nl
1385,bot.harcourt.de
1386,connect.harcourt.de
1387,tomasvidiri.com
1388,allrite.ca
1389,admin.uy98.152.53.83.13.nip.io
1390,1ne4j.theseasonofstories.com
1391,moody.house
1392,goldenfeet.be
1393,seo.finikeserver.click
1394,a1e328fe447f4e92a12947350fb1bed3.cc.arc.azure.net
1395,admin.www.blue.lynx.org
1396,familymadetravel.com
1397,micropacksystem.in
1398,jsp-executivetalent.com
1399,api.www.eddpptdhj1wgdlv61.135.148.27.57.nip.io
1400,atlasvaultdecor.com
1401,savagemaiden.com
1402,notesnook-auth.ilfar.pro
1403,staging.sitemap.cancerkey.com
1404,clerk.the-story-company.com
1405,rewardgareway.com
1406,qeten.sbs
1407,anywhere.medwayutc.co.uk
1408,cursebustersound.net
1409,c78.e35.myftpupload.com
1410,api.tugrulkuyumculuk.com
1411,etvisuals.com
1412,9kcnn.com
1413,cuijpersmail.nl
1414,automatedtest-qa3.ps-domain.net
1415,cmaster155030823.moonactivate.com
1416,cool-ha-rpere-ag-le.workers.dev
1417,wo-bb4gr41xtaa8lfqo7awyg7uwk.w.modal.host
1418,allstarfirm.com
1419,addben.com.ar
1420,j2024.direct.quickconnect.to
1421,jynx-consulting.online
1422,3netidaho.com
1423,nanodot.shop
1424,1l-haus.de
1425,nfcdstudio.com
1426,support.staging.monta.app
1427,email.kjbm.profilmmakers.com
1428,wwwapsmtps.innovationcast.net
1429,movix.pages.dev
1430,payceu.com
1431,kubota-tractor-hood-latch.pages.dev
1432,saas.hup.es
1433,originall.store
1434,asediversity.com
1435,v2.entertimeonlinr.com
1436,fdjflkjhcklfj.com
1437,dev.chipublic.org
1438,lsdaj.cn
1439,mart.lima-city.de
1440,gargantiopa.com
1441,filemediaonline.com
1442,beonbet-pt.pt
1443,pay.frekaccount.com
1444,hyrealm.com
1445,192-168-2-28.t1cgzh7xsl2.ddns.manage.alta.inc
1446,capcutproapk.net.br
1447,notesandwich.com
1448,mail.wingalgeria.com
1449,parkerhc.com
1450,gadzoo.tv
1451,77771ea576ac40a3b921960d0239cdfb.cc.arc.azure.net
1452,nordvarde.com
1453,pngicentral.com
1454,malufaith.com
1455,members.marcwalters.com
1456,46c46b40-3804-4a30-8a05-a3be067d5498.extraordinaryfloors.com
1457,rmdgixct.meltwaterproducts.com
1458,kino.kazmin.com
1459,staging.shinodage.almased.uk
1460,bumchurch.com
1461,drone.saovicente.sp.gov.br
1462,firstskating.com
1463,link.actionkit.fr
1464,yqjgsg.jingtewang.net
1465,smokeping.kazmin.com
1466,admin.dev.quzeqforum.jobi.one
1467,pacificmediaasia.com
1468,beauty.skypek.com
1469,admin.cudetu.online
1470,extranet.kazmin.com
1471,api.ddo.cn.com
1472,iiijfstores.rocketvoip.com
1473,pro.remax-platine.com
1474,granolaparfait.com
1475,d6w9ux.moemax.hu
1476,selointeligente.primi.com.br
1477,admin.app.hooshrooms.com
1478,18ac56d3-7a87-4397-87a0-16d5daaa994e-uat.pages.dev
1479,lapwise.fit
1480,remctraffcp.cloud
1481,fast.mypg888.com
1482,ww25.cpanel.g2ggrand.info
1483,n8n.vsoft.com.br
1484,jobpal.net
1485,cheaplondonminicabs.co.uk
1486,nnodnxiztchqw.innovationcast.net
1487,test.api.bacm.dev
1488,youaskedforitwegotit.com
1489,dets.nise.co
1490,device-f6a53f03-5ba3-4408-9f30-2c7d49bb3592.remotewd.com
1491,dodon.pesu.cn
1492,api.allainjules.jobi.one
1493,koncentratekings.com
1494,dev.meltwaterproducts.com
1495,tdns.workers.dev
1496,wo-rt6bs6ijqdh6351texh1bx41u.w.modal.host
1497,xer.me
1498,regencystreet.com
1499,loveportolavalley.online
1500,spot-logic.io
